track_id,frame_idx,cx,cy,vx,vy,cov_x,cov_y,cov_vx,cov_vy,bbox_w,bbox_h,age,time_since_update
1,1,747.5,51.0,0.0000,0.0000,0.039916,0.039886,1.000000,0.000000,19.0,36.0,2,0
1,2,748.0,50.0,0.0000,0.0000,0.039231,0.038518,1.000000,0.000000,20.0,36.0,3,0
1,3,748.0,49.0,0.0000,0.0000,0.039230,0.038516,1.000000,0.000000,20.0,36.0,4,0
1,4,748.5,47.1,0.0000,0.0000,0.039230,0.038516,1.000000,0.000000,21.0,38.0,5,0
1,5,749.0,42.7,0.0000,0.0000,0.039230,0.038516,1.000000,0.000000,20.0,37.0,6,0
1,6,750.0,39.6,0.0000,0.0000,0.039230,0.038516,1.000000,0.000000,20.0,39.0,7,0
1,7,750.0,34.2,0.0000,0.0000,0.039230,0.038516,1.000000,0.000000,20.0,36.0,8,0
1,8,750.0,32.6,0.0000,0.0000,0.039230,0.038516,1.000000,0.000000,20.0,37.0,9,0
1,9,750.0,32.6,0.0000,0.0000,2.039230,1.038516,1.000000,1.000000,20.0,37.0,10,1
1,10,750.0,32.5,0.0000,0.0000,0.039673,0.039356,1.200000,0.000000,20.0,37.0,11,0
1,11,750.0,32.5,0.0000,0.0000,0.039298,0.038518,1.000000,0.000000,20.0,37.0,12,0
1,12,750.0,32.5,0.0000,0.0000,0.039231,0.038516,1.000000,0.000000,20.0,37.0,13,0
1,13,750.0,32.5,0.0000,0.0000,0.039230,0.038516,1.000000,0.000000,20.0,37.0,14,0
1,14,750.0,32.5,0.0000,0.0000,0.039230,0.038516,1.000000,0.000000,20.0,37.0,15,0
1,15,750.0,33.0,0.0000,0.0000,0.039230,0.038516,1.000000,0.000000,20.0,38.0,16,0
1,16,750.0,33.0,0.0000,0.0000,0.039230,0.038516,1.000000,0.000000,20.0,38.0,17,0
1,17,750.5,33.0,0.0000,0.0000,0.039230,0.038516,1.000000,0.000000,19.0,38.0,18,0
1,18,750.5,33.0,0.0000,0.0000,0.039230,0.038516,1.000000,0.000000,19.0,38.0,19,0
1,19,750.5,33.0,0.0000,0.0000,0.039230,0.038516,1.000000,0.000000,19.0,38.0,20,0
1,20,750.5,33.0,0.0000,0.0000,0.039230,0.038516,1.000000,0.000000,21.0,36.0,21,0
1,21,750.5,33.0,0.0000,0.0000,0.039230,0.038516,1.000000,0.000000,21.0,36.0,22,0
1,22,750.5,33.0,0.0000,0.0000,0.039230,0.038516,1.000000,0.000000,21.0,36.0,23,0
1,23,750.5,33.0,0.0000,0.0000,0.039230,0.038516,1.000000,0.000000,21.0,36.0,24,0
1,24,750.5,33.0,0.0000,0.0000,0.039230,0.038516,1.000000,0.000000,21.0,36.0,25,0
1,25,750.5,33.0,0.0000,0.0000,0.039230,0.038516,1.000000,0.000000,21.0,36.0,26,0
1,26,750.5,33.0,0.0000,0.0000,0.039230,0.038516,1.000000,0.000000,21.0,36.0,27,0
1,27,750.5,33.0,0.0000,0.0000,0.039230,0.038516,1.000000,0.000000,21.0,36.0,28,0
1,28,750.5,33.0,0.0000,0.0000,0.039230,0.038516,1.000000,0.000000,21.0,36.0,29,0
1,29,750.5,33.0,0.0000,0.0000,0.039230,0.038516,1.000000,0.000000,21.0,36.0,30,0
1,30,750.5,33.0,0.0000,0.0000,0.039230,0.038516,1.000000,0.000000,21.0,36.0,31,0
1,31,750.5,33.0,0.0000,0.0000,0.039230,0.038516,1.000000,0.000000,21.0,36.0,32,0
1,32,750.5,33.0,0.0000,0.0000,0.039230,0.038516,1.000000,0.000000,21.0,36.0,33,0
1,33,750.5,33.0,0.0000,0.0000,0.039230,0.038516,1.000000,0.000000,21.0,36.0,34,0
1,34,750.5,33.0,0.0000,0.0000,0.039230,0.038516,1.000000,0.000000,21.0,36.0,35,0
1,35,750.5,33.0,0.0000,0.0000,0.039230,0.038516,1.000000,0.000000,21.0,36.0,36,0
1,36,750.5,33.0,0.0000,0.0000,0.039230,0.038516,1.000000,0.000000,21.0,36.0,37,0
1,37,750.5,33.0,0.0000,0.0000,0.039230,0.038516,1.000000,0.000000,21.0,36.0,38,0
1,38,750.5,33.0,0.0000,0.0000,0.039230,0.038516,1.000000,0.000000,21.0,36.0,39,0
1,39,750.5,33.0,0.0000,0.0000,0.039230,0.038516,1.000000,0.000000,21.0,36.0,40,0
1,40,750.5,33.5,0.0000,0.0000,0.039230,0.038516,1.000000,0.000000,21.0,37.0,41,0
1,41,750.5,33.5,0.0000,0.0000,0.039230,0.038516,1.000000,0.000000,21.0,37.0,42,0
1,42,750.5,33.5,0.0000,0.0000,0.039230,0.038516,1.000000,0.000000,21.0,37.0,43,0
1,43,750.5,33.5,0.0000,0.0000,0.039230,0.038516,1.000000,0.000000,21.0,37.0,44,0
1,44,750.5,33.5,0.0000,0.0000,0.039230,0.038516,1.000000,0.000000,21.0,37.0,45,0
1,45,750.5,33.5,0.0000,0.0000,0.039230,0.038516,1.000000,0.000000,21.0,37.0,46,0
1,46,750.5,33.5,0.0000,0.0000,0.039230,0.038516,1.000000,0.000000,21.0,37.0,47,0
1,47,750.5,33.5,0.0000,0.0000,0.039230,0.038516,1.000000,0.000000,21.0,37.0,48,0
1,48,750.5,33.5,0.0000,0.0000,0.039230,0.038516,1.000000,0.000000,21.0,37.0,49,0
1,49,750.5,33.5,0.0000,0.0000,0.039230,0.038516,1.000000,0.000000,21.0,37.0,50,0
1,50,750.5,33.5,0.0000,0.0000,0.039230,0.038516,1.000000,0.000000,21.0,37.0,51,0
1,51,750.5,33.5,0.0000,0.0000,0.039230,0.038516,1.000000,0.000000,21.0,37.0,52,0
1,52,750.5,33.5,0.0000,0.0000,0.039230,0.038516,1.000000,0.000000,21.0,37.0,53,0
1,53,750.5,33.5,0.0000,0.0000,0.039230,0.038516,1.000000,0.000000,21.0,37.0,54,0
1,54,750.5,33.5,0.0000,0.0000,0.039230,0.038516,1.000000,0.000000,21.0,37.0,55,0
1,55,750.5,33.5,0.0000,0.0000,0.039230,0.038516,1.000000,0.000000,21.0,37.0,56,0
1,56,750.5,33.5,0.0000,0.0000,0.039230,0.038516,1.000000,0.000000,21.0,37.0,57,0
1,57,750.5,33.5,0.0000,0.0000,0.039230,0.038516,1.000000,0.000000,21.0,37.0,58,0
1,58,750.5,33.5,0.0000,0.0000,0.039230,0.038516,1.000000,0.000000,21.0,37.0,59,0
1,59,750.5,33.5,0.0000,0.0000,0.039230,0.038516,1.000000,0.000000,21.0,37.0,60,0
1,60,750.5,33.5,0.0000,0.0000,0.039230,0.038516,1.000000,0.000000,21.0,37.0,61,0
1,61,750.5,33.5,0.0000,0.0000,0.039230,0.038516,1.000000,0.000000,21.0,37.0,62,0
1,62,750.5,33.5,0.0000,0.0000,0.039230,0.038516,1.000000,0.000000,21.0,37.0,63,0
1,63,750.5,33.5,0.0000,0.0000,0.039230,0.038516,1.000000,0.000000,21.0,37.0,64,0
1,64,750.5,33.5,0.0000,0.0000,0.039230,0.038516,1.000000,0.000000,21.0,37.0,65,0
1,65,750.5,33.5,0.0000,0.0000,0.039230,0.038516,1.000000,0.000000,21.0,37.0,66,0
1,66,750.5,33.5,0.0000,0.0000,0.039230,0.038516,1.000000,0.000000,21.0,37.0,67,0
1,67,750.5,33.5,0.0000,0.0000,0.039230,0.038516,1.000000,0.000000,21.0,37.0,68,0
1,68,750.5,33.5,0.0000,0.0000,0.039230,0.038516,1.000000,0.000000,21.0,37.0,69,0
1,69,750.5,33.5,0.0000,0.0000,0.039230,0.038516,1.000000,0.000000,21.0,37.0,70,0
1,70,750.5,33.5,0.0000,0.0000,0.039230,0.038516,1.000000,0.000000,21.0,37.0,71,0
1,71,750.5,33.5,0.0000,0.0000,0.039230,0.038516,1.000000,0.000000,21.0,37.0,72,0
1,72,750.5,33.5,0.0000,0.0000,0.039230,0.038516,1.000000,0.000000,21.0,37.0,73,0
1,73,750.5,33.5,0.0000,0.0000,0.039230,0.038516,1.000000,0.000000,21.0,37.0,74,0
1,74,750.5,33.5,0.0000,0.0000,0.039230,0.038516,1.000000,0.000000,21.0,37.0,75,0
1,75,750.5,33.5,0.0000,0.0000,0.039230,0.038516,1.000000,0.000000,21.0,37.0,76,0
1,76,750.5,33.5,0.0000,0.0000,0.039230,0.038516,1.000000,0.000000,21.0,37.0,77,0
1,77,750.5,33.5,0.0000,0.0000,0.039230,0.038516,1.000000,0.000000,21.0,37.0,78,0
1,78,750.5,33.5,0.0000,0.0000,0.039230,0.038516,1.000000,0.000000,21.0,37.0,79,0
1,79,750.5,33.5,0.0000,0.0000,0.039230,0.038516,1.000000,0.000000,21.0,37.0,80,0
1,80,750.5,33.5,0.0000,0.0000,0.039230,0.038516,1.000000,0.000000,21.0,37.0,81,0
1,81,750.5,33.5,0.0000,0.0000,0.039230,0.038516,1.000000,0.000000,21.0,37.0,82,0
1,82,750.5,33.5,0.0000,0.0000,0.039230,0.038516,1.000000,0.000000,21.0,37.0,83,0
1,83,750.5,33.5,0.0000,0.0000,0.039230,0.038516,1.000000,0.000000,21.0,37.0,84,0
1,84,750.5,33.5,0.0000,0.0000,0.039230,0.038516,1.000000,0.000000,21.0,37.0,85,0
1,85,750.5,33.5,0.0000,0.0000,0.039230,0.038516,1.000000,0.000000,21.0,37.0,86,0
1,86,750.5,33.5,0.0000,0.0000,0.039230,0.038516,1.000000,0.000000,21.0,37.0,87,0
1,87,750.5,33.5,0.0000,0.0000,0.039230,0.038516,1.000000,0.000000,21.0,37.0,88,0
1,88,750.5,33.5,0.0000,0.0000,0.039230,0.038516,1.000000,0.000000,21.0,37.0,89,0
1,89,750.5,33.5,0.0000,0.0000,0.039230,0.038516,1.000000,0.000000,21.0,37.0,90,0
1,90,750.5,33.5,0.0000,0.0000,0.039230,0.038516,1.000000,0.000000,21.0,37.0,91,0
1,91,750.5,33.5,0.0000,0.0000,0.039230,0.038516,1.000000,0.000000,21.0,37.0,92,0
1,92,750.5,33.5,0.0000,0.0000,0.039230,0.038516,1.000000,0.000000,21.0,37.0,93,0
1,93,750.5,33.5,0.0000,0.0000,0.039230,0.038516,1.000000,0.000000,21.0,37.0,94,0
1,94,750.5,33.5,0.0000,0.0000,0.039230,0.038516,1.000000,0.000000,21.0,37.0,95,0
1,95,750.5,33.5,0.0000,0.0000,0.039230,0.038516,1.000000,0.000000,21.0,37.0,96,0
1,96,750.5,33.5,0.0000,0.0000,0.039230,0.038516,1.000000,0.000000,21.0,37.0,97,0
1,97,750.5,33.5,0.0000,0.0000,0.039230,0.038516,1.000000,0.000000,21.0,37.0,98,0
1,98,750.5,33.5,0.0000,0.0000,0.039230,0.038516,1.000000,0.000000,21.0,37.0,99,0
1,99,750.5,33.5,0.0000,0.0000,0.039230,0.038516,1.000000,0.000000,21.0,37.0,100,0
1,100,750.5,33.5,0.0000,0.0000,0.039230,0.038516,1.000000,0.000000,21.0,37.0,101,0
1,101,750.5,33.5,0.0000,0.0000,0.039230,0.038516,1.000000,0.000000,21.0,37.0,102,0
1,102,750.5,33.5,0.0000,0.0000,0.039230,0.038516,1.000000,0.000000,21.0,37.0,103,0
1,103,750.5,33.5,0.0000,0.0000,0.039230,0.038516,1.000000,0.000000,21.0,37.0,104,0
1,104,750.5,33.5,0.0000,0.0000,0.039230,0.038516,1.000000,0.000000,21.0,37.0,105,0
1,105,750.5,33.5,0.0000,0.0000,0.039230,0.038516,1.000000,0.000000,21.0,37.0,106,0
1,106,750.5,33.5,0.0000,0.0000,0.039230,0.038516,1.000000,0.000000,21.0,37.0,107,0
1,107,750.5,33.5,0.0000,0.0000,0.039230,0.038516,1.000000,0.000000,21.0,37.0,108,0
1,108,750.5,33.5,0.0000,0.0000,0.039230,0.038516,1.000000,0.000000,21.0,37.0,109,0
1,109,750.5,33.5,0.0000,0.0000,0.039230,0.038516,1.000000,0.000000,21.0,37.0,110,0
1,110,750.5,33.5,0.0000,0.0000,0.039230,0.038516,1.000000,0.000000,21.0,37.0,111,0
1,111,750.5,33.5,0.0000,0.0000,0.039230,0.038516,1.000000,0.000000,21.0,37.0,112,0
1,112,750.5,33.5,0.0000,0.0000,0.039230,0.038516,1.000000,0.000000,21.0,37.0,113,0
1,113,750.5,33.5,0.0000,0.0000,0.039230,0.038516,1.000000,0.000000,21.0,37.0,114,0
1,114,750.5,33.5,0.0000,0.0000,0.039230,0.038516,1.000000,0.000000,21.0,37.0,115,0
1,115,750.5,33.5,0.0000,0.0000,0.039230,0.038516,1.000000,0.000000,21.0,37.0,116,0
1,116,750.5,33.5,0.0000,0.0000,0.039230,0.038516,1.000000,0.000000,21.0,37.0,117,0
1,117,750.5,33.5,0.0000,0.0000,0.039230,0.038516,1.000000,0.000000,21.0,37.0,118,0
1,118,750.5,33.5,0.0000,0.0000,0.039230,0.038516,1.000000,0.000000,21.0,37.0,119,0
1,119,750.5,33.5,0.0000,0.0000,0.039230,0.038516,1.000000,0.000000,21.0,37.0,120,0
1,120,750.5,33.5,0.0000,0.0000,0.039230,0.038516,1.000000,0.000000,21.0,37.0,121,0
1,121,750.5,33.5,0.0000,0.0000,0.039230,0.038516,1.000000,0.000000,21.0,37.0,122,0
1,122,750.5,33.5,0.0000,0.0000,0.039230,0.038516,1.000000,0.000000,21.0,37.0,123,0
1,123,750.5,33.5,0.0000,0.0000,0.039230,0.038516,1.000000,0.000000,21.0,37.0,124,0
1,124,750.5,33.5,0.0000,0.0000,0.039230,0.038516,1.000000,0.000000,21.0,37.0,125,0
1,125,750.5,33.5,0.0000,0.0000,0.039230,0.038516,1.000000,0.000000,21.0,37.0,126,0
1,126,750.5,33.5,0.0000,0.0000,0.039230,0.038516,1.000000,0.000000,21.0,37.0,127,0
1,127,750.5,33.5,0.0000,0.0000,0.039230,0.038516,1.000000,0.000000,21.0,37.0,128,0
1,128,750.5,33.5,0.0000,0.0000,0.039230,0.038516,1.000000,0.000000,21.0,37.0,129,0
1,129,750.5,33.5,0.0000,0.0000,0.039230,0.038516,1.000000,0.000000,21.0,37.0,130,0
1,130,750.5,33.5,0.0000,0.0000,0.039230,0.038516,1.000000,0.000000,21.0,37.0,131,0
1,131,750.5,33.5,0.0000,0.0000,0.039230,0.038516,1.000000,0.000000,21.0,37.0,132,0
1,132,750.5,33.5,0.0000,0.0000,0.039230,0.038516,1.000000,0.000000,21.0,37.0,133,0
1,133,750.5,33.5,0.0000,0.0000,0.039230,0.038516,1.000000,0.000000,21.0,37.0,134,0
1,134,750.5,33.5,0.0000,0.0000,0.039230,0.038516,1.000000,0.000000,21.0,37.0,135,0
1,135,750.5,33.5,0.0000,0.0000,0.039230,0.038516,1.000000,0.000000,21.0,37.0,136,0
1,136,750.5,33.5,0.0000,0.0000,0.039230,0.038516,1.000000,0.000000,21.0,37.0,137,0
1,137,750.5,33.5,0.0000,0.0000,0.039230,0.038516,1.000000,0.000000,21.0,37.0,138,0
1,138,750.5,33.5,0.0000,0.0000,0.039230,0.038516,1.000000,0.000000,21.0,37.0,139,0
1,139,750.5,33.5,0.0000,0.0000,0.039230,0.038516,1.000000,0.000000,21.0,37.0,140,0
1,140,750.5,33.5,0.0000,0.0000,0.039230,0.038516,1.000000,0.000000,21.0,37.0,141,0
1,141,750.5,33.5,0.0000,0.0000,0.039230,0.038516,1.000000,0.000000,21.0,37.0,142,0
1,142,750.5,33.5,0.0000,0.0000,0.039230,0.038516,1.000000,0.000000,21.0,37.0,143,0
1,143,750.5,33.5,0.0000,0.0000,0.039230,0.038516,1.000000,0.000000,21.0,37.0,144,0
1,144,750.5,33.5,0.0000,0.0000,0.039230,0.038516,1.000000,0.000000,21.0,37.0,145,0
1,145,750.5,33.5,0.0000,0.0000,0.039230,0.038516,1.000000,0.000000,21.0,37.0,146,0
1,146,750.5,33.5,0.0000,0.0000,0.039230,0.038516,1.000000,0.000000,21.0,37.0,147,0
1,147,750.5,33.5,0.0000,0.0000,0.039230,0.038516,1.000000,0.000000,21.0,37.0,148,0
1,148,750.5,33.5,0.0000,0.0000,0.039230,0.038516,1.000000,0.000000,21.0,37.0,149,0
1,149,750.5,33.5,0.0000,0.0000,0.039230,0.038516,1.000000,0.000000,21.0,37.0,150,0
1,150,750.5,33.5,0.0000,0.0000,0.039230,0.038516,1.000000,0.000000,21.0,37.0,151,0
1,151,750.5,33.5,0.0000,0.0000,0.039230,0.038516,1.000000,0.000000,21.0,37.0,152,0
1,152,750.5,33.5,0.0000,0.0000,0.039230,0.038516,1.000000,0.000000,21.0,37.0,153,0
1,153,750.5,33.5,0.0000,0.0000,0.039230,0.038516,1.000000,0.000000,21.0,37.0,154,0
1,154,750.5,33.5,0.0000,0.0000,0.039230,0.038516,1.000000,0.000000,21.0,37.0,155,0
1,155,750.5,33.5,0.0000,0.0000,0.039230,0.038516,1.000000,0.000000,21.0,37.0,156,0
1,156,750.5,33.5,0.0000,0.0000,0.039230,0.038516,1.000000,0.000000,21.0,37.0,157,0
1,157,750.5,33.5,0.0000,0.0000,0.039230,0.038516,1.000000,0.000000,21.0,37.0,158,0
1,158,750.5,33.5,0.0000,0.0000,0.039230,0.038516,1.000000,0.000000,21.0,37.0,159,0
1,159,750.5,33.5,0.0000,0.0000,0.039230,0.038516,1.000000,0.000000,21.0,37.0,160,0
1,160,751.0,33.5,0.0000,0.0000,0.039230,0.038516,1.000000,0.000000,20.0,37.0,161,0
1,161,751.0,33.5,0.0000,0.0000,0.039230,0.038516,1.000000,0.000000,20.0,37.0,162,0
1,162,751.0,33.5,0.0000,0.0000,0.039230,0.038516,1.000000,0.000000,20.0,37.0,163,0
1,163,751.0,33.5,0.0000,0.0000,0.039230,0.038516,1.000000,0.000000,20.0,37.0,164,0
1,164,751.0,33.5,0.0000,0.0000,0.039230,0.038516,1.000000,0.000000,20.0,37.0,165,0
1,165,751.0,33.5,0.0000,0.0000,0.039230,0.038516,1.000000,0.000000,20.0,37.0,166,0
1,166,751.0,33.5,0.0000,0.0000,0.039230,0.038516,1.000000,0.000000,20.0,37.0,167,0
1,167,751.0,33.5,0.0000,0.0000,0.039230,0.038516,1.000000,0.000000,20.0,37.0,168,0
1,168,751.0,33.5,0.0000,0.0000,0.039230,0.038516,1.000000,0.000000,20.0,37.0,169,0
1,169,751.0,33.5,0.0000,0.0000,0.039230,0.038516,1.000000,0.000000,20.0,37.0,170,0
1,170,751.0,33.5,0.0000,0.0000,0.039230,0.038516,1.000000,0.000000,20.0,37.0,171,0
1,171,751.0,33.5,0.0000,0.0000,0.039230,0.038516,1.000000,0.000000,20.0,37.0,172,0
1,172,751.0,33.5,0.0000,0.0000,0.039230,0.038516,1.000000,0.000000,20.0,37.0,173,0
1,173,751.0,33.5,0.0000,0.0000,0.039230,0.038516,1.000000,0.000000,20.0,37.0,174,0
1,174,751.0,33.5,0.0000,0.0000,0.039230,0.038516,1.000000,0.000000,20.0,37.0,175,0
1,175,751.0,33.5,0.0000,0.0000,0.039230,0.038516,1.000000,0.000000,20.0,37.0,176,0
1,176,751.0,33.5,0.0000,0.0000,0.039230,0.038516,1.000000,0.000000,20.0,37.0,177,0
1,177,751.0,33.5,0.0000,0.0000,0.039230,0.038516,1.000000,0.000000,20.0,37.0,178,0
1,178,751.0,33.5,0.0000,0.0000,0.039230,0.038516,1.000000,0.000000,20.0,37.0,179,0
1,179,751.0,33.5,0.0000,0.0000,0.039230,0.038516,1.000000,0.000000,20.0,37.0,180,0
1,180,750.5,33.0,0.0000,0.0000,0.039230,0.038516,1.000000,0.000000,21.0,36.0,181,0
1,181,750.5,33.0,0.0000,0.0000,0.039230,0.038516,1.000000,0.000000,21.0,36.0,182,0
1,182,750.5,33.0,0.0000,0.0000,0.039230,0.038516,1.000000,0.000000,21.0,36.0,183,0
1,183,750.5,33.0,0.0000,0.0000,0.039230,0.038516,1.000000,0.000000,21.0,36.0,184,0
1,184,750.5,33.0,0.0000,0.0000,0.039230,0.038516,1.000000,0.000000,21.0,36.0,185,0
1,185,750.5,33.0,0.0000,0.0000,0.039230,0.038516,1.000000,0.000000,21.0,36.0,186,0
1,186,750.5,33.0,0.0000,0.0000,0.039230,0.038516,1.000000,0.000000,21.0,36.0,187,0
1,187,750.5,33.0,0.0000,0.0000,0.039230,0.038516,1.000000,0.000000,21.0,36.0,188,0
1,188,750.5,33.0,0.0000,0.0000,0.039230,0.038516,1.000000,0.000000,21.0,36.0,189,0
1,189,750.5,33.0,0.0000,0.0000,0.039230,0.038516,1.000000,0.000000,21.0,36.0,190,0
1,190,750.5,33.0,0.0000,0.0000,0.039230,0.038516,1.000000,0.000000,21.0,36.0,191,0
1,191,750.5,33.0,0.0000,0.0000,0.039230,0.038516,1.000000,0.000000,21.0,36.0,192,0
1,192,750.5,33.0,0.0000,0.0000,0.039230,0.038516,1.000000,0.000000,21.0,36.0,193,0
1,193,750.5,33.0,0.0000,0.0000,0.039230,0.038516,1.000000,0.000000,21.0,36.0,194,0
1,194,750.5,33.0,0.0000,0.0000,0.039230,0.038516,1.000000,0.000000,21.0,36.0,195,0
1,195,750.5,33.0,0.0000,0.0000,0.039230,0.038516,1.000000,0.000000,21.0,36.0,196,0
1,196,750.5,33.0,0.0000,0.0000,0.039230,0.038516,1.000000,0.000000,21.0,36.0,197,0
2,1,442.5,65.5,0.0000,0.0000,0.039874,0.039831,1.000000,0.000000,11.0,29.0,2,0
2,2,443.0,64.5,0.0000,0.0000,0.039231,0.038518,1.000000,0.000000,10.0,29.0,3,0
2,3,443.0,63.1,0.0000,0.0000,0.039230,0.038516,1.000000,0.000000,10.0,30.0,4,0
2,4,443.0,61.1,0.0000,0.0000,0.039230,0.038516,1.000000,0.000000,10.0,30.0,5,0
2,5,443.0,58.1,0.0000,0.0000,0.039230,0.038516,1.000000,0.000000,10.0,30.0,6,0
2,6,443.0,54.6,0.0000,0.0000,0.039230,0.038516,1.000000,0.000000,10.0,29.0,7,0
2,7,442.5,51.1,0.0000,0.0000,0.039230,0.038516,1.000000,0.000000,9.0,30.0,8,0
2,8,443.0,49.1,0.0000,0.0000,0.039230,0.038516,1.000000,0.000000,10.0,30.0,9,0
2,9,442.5,49.0,0.0000,0.0000,0.039230,0.038516,1.000000,0.000000,9.0,30.0,10,0
2,10,442.5,49.0,0.0000,0.0000,0.039230,0.038516,1.000000,0.000000,9.0,30.0,11,0
2,11,443.0,49.0,0.0000,0.0000,0.039230,0.038516,1.000000,0.000000,10.0,30.0,12,0
2,12,443.0,49.0,0.0000,0.0000,0.039230,0.038516,1.000000,0.000000,10.0,30.0,13,0
2,13,443.0,49.5,0.0000,0.0000,0.039230,0.038516,1.000000,0.000000,10.0,31.0,14,0
2,14,443.0,49.5,0.0000,0.0000,0.039230,0.038516,1.000000,0.000000,10.0,31.0,15,0
2,15,443.0,50.0,0.0000,0.0000,0.039230,0.038516,1.000000,0.000000,10.0,30.0,16,0
2,16,443.0,50.0,0.0000,0.0000,0.039230,0.038516,1.000000,0.000000,10.0,30.0,17,0
2,17,443.0,50.5,0.0000,0.0000,0.039230,0.038516,1.000000,0.000000,10.0,31.0,18,0
2,18,443.0,50.5,0.0000,0.0000,0.039230,0.038516,1.000000,0.000000,10.0,31.0,19,0
2,19,443.0,50.5,0.0000,0.0000,0.039230,0.038516,1.000000,0.000000,10.0,31.0,20,0
2,20,443.0,50.0,0.0000,0.0000,0.039230,0.038516,1.000000,0.000000,10.0,30.0,21,0
2,21,443.0,50.0,0.0000,0.0000,0.039230,0.038516,1.000000,0.000000,10.0,30.0,22,0
2,22,443.0,50.0,0.0000,0.0000,0.039230,0.038516,1.000000,0.000000,10.0,30.0,23,0
2,23,443.0,50.0,0.0000,0.0000,0.039230,0.038516,1.000000,0.000000,10.0,30.0,24,0
2,24,443.0,50.0,0.0000,0.0000,0.039230,0.038516,1.000000,0.000000,10.0,30.0,25,0
2,25,443.0,50.0,0.0000,0.0000,0.039230,0.038516,1.000000,0.000000,10.0,30.0,26,0
2,26,443.0,50.0,0.0000,0.0000,0.039230,0.038516,1.000000,0.000000,10.0,30.0,27,0
2,27,443.0,50.0,0.0000,0.0000,0.039230,0.038516,1.000000,0.000000,10.0,30.0,28,0
2,28,443.0,50.0,0.0000,0.0000,0.039230,0.038516,1.000000,0.000000,10.0,30.0,29,0
2,29,443.0,50.0,0.0000,0.0000,0.039230,0.038516,1.000000,0.000000,10.0,30.0,30,0
2,30,443.0,50.0,0.0000,0.0000,0.039230,0.038516,1.000000,0.000000,10.0,30.0,31,0
2,31,443.0,50.0,0.0000,0.0000,0.039230,0.038516,1.000000,0.000000,10.0,30.0,32,0
2,32,443.0,50.0,0.0000,0.0000,0.039230,0.038516,1.000000,0.000000,10.0,30.0,33,0
2,33,443.0,50.0,0.0000,0.0000,0.039230,0.038516,1.000000,0.000000,10.0,30.0,34,0
2,34,443.0,50.0,0.0000,0.0000,0.039230,0.038516,1.000000,0.000000,10.0,30.0,35,0
2,35,443.0,50.0,0.0000,0.0000,0.039230,0.038516,1.000000,0.000000,10.0,30.0,36,0
2,36,443.0,50.5,0.0000,0.0000,0.039230,0.038516,1.000000,0.000000,10.0,29.0,37,0
2,37,443.0,50.5,0.0000,0.0000,0.039230,0.038516,1.000000,0.000000,10.0,29.0,38,0
2,38,443.0,50.5,0.0000,0.0000,0.039230,0.038516,1.000000,0.000000,10.0,29.0,39,0
2,39,443.0,50.5,0.0000,0.0000,0.039230,0.038516,1.000000,0.000000,10.0,29.0,40,0
2,40,443.0,50.5,0.0000,0.0000,0.039230,0.038516,1.000000,0.000000,10.0,29.0,41,0
2,41,443.0,50.5,0.0000,0.0000,0.039230,0.038516,1.000000,0.000000,10.0,29.0,42,0
2,42,443.0,50.5,0.0000,0.0000,0.039230,0.038516,1.000000,0.000000,10.0,29.0,43,0
2,43,443.0,50.5,0.0000,0.0000,0.039230,0.038516,1.000000,0.000000,10.0,29.0,44,0
2,44,443.0,50.5,0.0000,0.0000,0.039230,0.038516,1.000000,0.000000,10.0,29.0,45,0
2,45,443.0,50.5,0.0000,0.0000,0.039230,0.038516,1.000000,0.000000,10.0,29.0,46,0
2,46,443.0,50.5,0.0000,0.0000,0.039230,0.038516,1.000000,0.000000,10.0,29.0,47,0
2,47,443.0,50.5,0.0000,0.0000,0.039230,0.038516,1.000000,0.000000,10.0,29.0,48,0
2,48,443.0,50.5,0.0000,0.0000,0.039230,0.038516,1.000000,0.000000,10.0,29.0,49,0
2,49,443.0,50.5,0.0000,0.0000,0.039230,0.038516,1.000000,0.000000,10.0,29.0,50,0
2,50,443.0,50.5,0.0000,0.0000,0.039230,0.038516,1.000000,0.000000,10.0,29.0,51,0
2,51,443.0,50.5,0.0000,0.0000,0.039230,0.038516,1.000000,0.000000,10.0,29.0,52,0
2,52,443.0,50.5,0.0000,0.0000,0.039230,0.038516,1.000000,0.000000,10.0,29.0,53,0
2,53,443.0,50.5,0.0000,0.0000,0.039230,0.038516,1.000000,0.000000,10.0,29.0,54,0
2,54,443.0,50.5,0.0000,0.0000,0.039230,0.038516,1.000000,0.000000,10.0,29.0,55,0
2,55,443.0,50.5,0.0000,0.0000,0.039230,0.038516,1.000000,0.000000,10.0,29.0,56,0
2,56,443.0,50.5,0.0000,0.0000,0.039230,0.038516,1.000000,0.000000,10.0,29.0,57,0
2,57,443.0,50.5,0.0000,0.0000,0.039230,0.038516,1.000000,0.000000,10.0,29.0,58,0
2,58,443.0,50.5,0.0000,0.0000,0.039230,0.038516,1.000000,0.000000,10.0,29.0,59,0
2,59,443.0,50.5,0.0000,0.0000,0.039230,0.038516,1.000000,0.000000,10.0,29.0,60,0
2,60,443.0,50.5,0.0000,0.0000,0.039230,0.038516,1.000000,0.000000,10.0,29.0,61,0
2,61,443.0,50.5,0.0000,0.0000,0.039230,0.038516,1.000000,0.000000,10.0,29.0,62,0
2,62,443.0,50.5,0.0000,0.0000,0.039230,0.038516,1.000000,0.000000,10.0,29.0,63,0
2,63,443.0,50.5,0.0000,0.0000,0.039230,0.038516,1.000000,0.000000,10.0,29.0,64,0
2,64,443.0,50.5,0.0000,0.0000,0.039230,0.038516,1.000000,0.000000,10.0,29.0,65,0
2,65,443.0,50.0,0.0000,0.0000,0.039230,0.038516,1.000000,0.000000,10.0,30.0,66,0
2,66,443.0,50.5,0.0000,0.0000,0.039230,0.038516,1.000000,0.000000,10.0,29.0,67,0
2,67,443.0,50.0,0.0000,0.0000,0.039230,0.038516,1.000000,0.000000,10.0,30.0,68,0
2,68,443.0,50.0,0.0000,0.0000,0.039230,0.038516,1.000000,0.000000,10.0,30.0,69,0
2,69,443.0,50.0,0.0000,0.0000,0.039230,0.038516,1.000000,0.000000,10.0,30.0,70,0
2,70,443.0,50.0,0.0000,0.0000,0.039230,0.038516,1.000000,0.000000,10.0,30.0,71,0
2,71,443.0,50.0,0.0000,0.0000,0.039230,0.038516,1.000000,0.000000,10.0,30.0,72,0
2,72,443.0,50.5,0.0000,0.0000,0.039230,0.038516,1.000000,0.000000,10.0,29.0,73,0
2,73,443.0,50.5,0.0000,0.0000,0.039230,0.038516,1.000000,0.000000,10.0,29.0,74,0
2,74,443.0,50.5,0.0000,0.0000,0.039230,0.038516,1.000000,0.000000,10.0,29.0,75,0
2,75,443.0,50.5,0.0000,0.0000,0.039230,0.038516,1.000000,0.000000,10.0,29.0,76,0
2,76,443.0,50.5,0.0000,0.0000,0.039230,0.038516,1.000000,0.000000,10.0,29.0,77,0
2,77,443.0,50.5,0.0000,0.0000,0.039230,0.038516,1.000000,0.000000,10.0,29.0,78,0
2,78,443.0,50.5,0.0000,0.0000,0.039230,0.038516,1.000000,0.000000,10.0,29.0,79,0
2,79,443.0,50.5,0.0000,0.0000,0.039230,0.038516,1.000000,0.000000,10.0,29.0,80,0
2,80,443.0,50.5,0.0000,0.0000,0.039230,0.038516,1.000000,0.000000,10.0,29.0,81,0
2,81,443.0,50.5,0.0000,0.0000,0.039230,0.038516,1.000000,0.000000,10.0,29.0,82,0
2,82,443.0,50.5,0.0000,0.0000,0.039230,0.038516,1.000000,0.000000,10.0,29.0,83,0
2,83,443.0,50.5,0.0000,0.0000,0.039230,0.038516,1.000000,0.000000,10.0,29.0,84,0
2,84,443.0,50.5,0.0000,0.0000,0.039230,0.038516,1.000000,0.000000,10.0,29.0,85,0
2,85,443.0,50.5,0.0000,0.0000,0.039230,0.038516,1.000000,0.000000,10.0,29.0,86,0
2,86,443.0,50.5,0.0000,0.0000,0.039230,0.038516,1.000000,0.000000,10.0,29.0,87,0
2,87,443.0,50.5,0.0000,0.0000,0.039230,0.038516,1.000000,0.000000,10.0,29.0,88,0
2,88,443.0,50.5,0.0000,0.0000,0.039230,0.038516,1.000000,0.000000,10.0,29.0,89,0
2,89,443.0,50.5,0.0000,0.0000,0.039230,0.038516,1.000000,0.000000,10.0,29.0,90,0
2,90,443.0,50.5,0.0000,0.0000,0.039230,0.038516,1.000000,0.000000,10.0,29.0,91,0
2,91,443.0,50.5,0.0000,0.0000,0.039230,0.038516,1.000000,0.000000,10.0,29.0,92,0
2,92,443.0,50.5,0.0000,0.0000,0.039230,0.038516,1.000000,0.000000,10.0,29.0,93,0
2,93,443.0,50.5,0.0000,0.0000,0.039230,0.038516,1.000000,0.000000,10.0,29.0,94,0
2,94,443.0,50.5,0.0000,0.0000,0.039230,0.038516,1.000000,0.000000,10.0,29.0,95,0
2,95,443.0,50.5,0.0000,0.0000,0.039230,0.038516,1.000000,0.000000,10.0,29.0,96,0
2,96,443.0,50.5,0.0000,0.0000,0.039230,0.038516,1.000000,0.000000,10.0,29.0,97,0
2,97,443.0,50.5,0.0000,0.0000,0.039230,0.038516,1.000000,0.000000,10.0,29.0,98,0
2,98,443.0,50.5,0.0000,0.0000,0.039230,0.038516,1.000000,0.000000,10.0,29.0,99,0
2,99,443.0,50.5,0.0000,0.0000,0.039230,0.038516,1.000000,0.000000,10.0,29.0,100,0
2,100,443.0,50.5,0.0000,0.0000,0.039230,0.038516,1.000000,0.000000,10.0,29.0,101,0
2,101,443.0,50.5,0.0000,0.0000,0.039230,0.038516,1.000000,0.000000,10.0,29.0,102,0
2,102,443.0,50.5,0.0000,0.0000,0.039230,0.038516,1.000000,0.000000,10.0,29.0,103,0
2,103,443.0,50.5,0.0000,0.0000,0.039230,0.038516,1.000000,0.000000,10.0,29.0,104,0
2,104,443.0,50.5,0.0000,0.0000,0.039230,0.038516,1.000000,0.000000,10.0,29.0,105,0
2,105,443.0,50.5,0.0000,0.0000,0.039230,0.038516,1.000000,0.000000,10.0,29.0,106,0
2,106,443.0,50.5,0.0000,0.0000,0.039230,0.038516,1.000000,0.000000,10.0,29.0,107,0
2,107,443.0,50.5,0.0000,0.0000,0.039230,0.038516,1.000000,0.000000,10.0,29.0,108,0
2,108,443.0,50.5,0.0000,0.0000,0.039230,0.038516,1.000000,0.000000,10.0,29.0,109,0
2,109,443.0,50.5,0.0000,0.0000,0.039230,0.038516,1.000000,0.000000,10.0,29.0,110,0
2,110,443.0,50.5,0.0000,0.0000,0.039230,0.038516,1.000000,0.000000,10.0,29.0,111,0
2,111,443.0,50.5,0.0000,0.0000,0.039230,0.038516,1.000000,0.000000,10.0,29.0,112,0
2,112,443.0,50.5,0.0000,0.0000,0.039230,0.038516,1.000000,0.000000,10.0,29.0,113,0
2,113,443.0,50.5,0.0000,0.0000,0.039230,0.038516,1.000000,0.000000,10.0,29.0,114,0
2,114,443.0,50.5,0.0000,0.0000,0.039230,0.038516,1.000000,0.000000,10.0,29.0,115,0
2,115,443.0,50.5,0.0000,0.0000,0.039230,0.038516,1.000000,0.000000,10.0,29.0,116,0
2,116,443.0,50.5,0.0000,0.0000,0.039230,0.038516,1.000000,0.000000,10.0,29.0,117,0
2,117,443.0,50.5,0.0000,0.0000,0.039230,0.038516,1.000000,0.000000,10.0,29.0,118,0
2,118,443.0,50.5,0.0000,0.0000,0.039230,0.038516,1.000000,0.000000,10.0,29.0,119,0
2,119,443.0,50.0,0.0000,0.0000,0.039230,0.038516,1.000000,0.000000,10.0,30.0,120,0
2,120,443.0,50.5,0.0000,0.0000,0.039230,0.038516,1.000000,0.000000,10.0,29.0,121,0
2,121,443.0,50.5,0.0000,0.0000,0.039230,0.038516,1.000000,0.000000,10.0,29.0,122,0
2,122,443.0,50.5,0.0000,0.0000,0.039230,0.038516,1.000000,0.000000,10.0,29.0,123,0
2,123,443.0,50.5,0.0000,0.0000,0.039230,0.038516,1.000000,0.000000,10.0,29.0,124,0
2,124,443.0,50.5,0.0000,0.0000,0.039230,0.038516,1.000000,0.000000,10.0,29.0,125,0
2,125,443.0,50.5,0.0000,0.0000,0.039230,0.038516,1.000000,0.000000,10.0,29.0,126,0
2,126,443.0,50.5,0.0000,0.0000,0.039230,0.038516,1.000000,0.000000,10.0,29.0,127,0
2,127,443.0,50.5,0.0000,0.0000,0.039230,0.038516,1.000000,0.000000,10.0,29.0,128,0
2,128,443.0,50.5,0.0000,0.0000,0.039230,0.038516,1.000000,0.000000,10.0,29.0,129,0
2,129,443.0,50.5,0.0000,0.0000,0.039230,0.038516,1.000000,0.000000,10.0,29.0,130,0
2,130,443.0,50.5,0.0000,0.0000,0.039230,0.038516,1.000000,0.000000,10.0,29.0,131,0
2,131,443.0,50.5,0.0000,0.0000,0.039230,0.038516,1.000000,0.000000,10.0,29.0,132,0
2,132,443.0,50.5,0.0000,0.0000,0.039230,0.038516,1.000000,0.000000,10.0,29.0,133,0
2,133,443.0,50.5,0.0000,0.0000,0.039230,0.038516,1.000000,0.000000,10.0,29.0,134,0
2,134,443.0,50.5,0.0000,0.0000,0.039230,0.038516,1.000000,0.000000,10.0,29.0,135,0
2,135,443.0,50.5,0.0000,0.0000,0.039230,0.038516,1.000000,0.000000,10.0,29.0,136,0
2,136,443.0,50.5,0.0000,0.0000,0.039230,0.038516,1.000000,0.000000,10.0,29.0,137,0
2,137,443.0,50.5,0.0000,0.0000,0.039230,0.038516,1.000000,0.000000,10.0,29.0,138,0
2,138,443.0,50.5,0.0000,0.0000,0.039230,0.038516,1.000000,0.000000,10.0,29.0,139,0
2,139,443.0,50.5,0.0000,0.0000,0.039230,0.038516,1.000000,0.000000,10.0,29.0,140,0
2,140,443.0,50.5,0.0000,0.0000,0.039230,0.038516,1.000000,0.000000,10.0,29.0,141,0
2,141,443.0,50.5,0.0000,0.0000,0.039230,0.038516,1.000000,0.000000,10.0,29.0,142,0
2,142,443.0,50.5,0.0000,0.0000,0.039230,0.038516,1.000000,0.000000,10.0,29.0,143,0
2,143,443.0,50.5,0.0000,0.0000,0.039230,0.038516,1.000000,0.000000,10.0,29.0,144,0
2,144,443.0,50.5,0.0000,0.0000,0.039230,0.038516,1.000000,0.000000,10.0,29.0,145,0
2,145,443.0,50.5,0.0000,0.0000,0.039230,0.038516,1.000000,0.000000,10.0,29.0,146,0
2,146,443.0,50.5,0.0000,0.0000,0.039230,0.038516,1.000000,0.000000,10.0,29.0,147,0
2,147,443.0,50.5,0.0000,0.0000,0.039230,0.038516,1.000000,0.000000,10.0,29.0,148,0
2,148,443.0,50.5,0.0000,0.0000,0.039230,0.038516,1.000000,0.000000,10.0,29.0,149,0
2,149,443.0,50.5,0.0000,0.0000,0.039230,0.038516,1.000000,0.000000,10.0,29.0,150,0
2,150,443.0,50.5,0.0000,0.0000,0.039230,0.038516,1.000000,0.000000,10.0,29.0,151,0
2,151,443.0,50.5,0.0000,0.0000,0.039230,0.038516,1.000000,0.000000,10.0,29.0,152,0
2,152,443.0,50.5,0.0000,0.0000,0.039230,0.038516,1.000000,0.000000,10.0,29.0,153,0
2,153,443.0,50.5,0.0000,0.0000,0.039230,0.038516,1.000000,0.000000,10.0,29.0,154,0
2,154,443.0,50.5,0.0000,0.0000,0.039230,0.038516,1.000000,0.000000,10.0,29.0,155,0
2,155,443.0,50.5,0.0000,0.0000,0.039230,0.038516,1.000000,0.000000,10.0,29.0,156,0
2,156,443.0,50.5,0.0000,0.0000,0.039230,0.038516,1.000000,0.000000,10.0,29.0,157,0
2,157,443.0,50.5,0.0000,0.0000,0.039230,0.038516,1.000000,0.000000,10.0,29.0,158,0
2,158,443.0,50.5,0.0000,0.0000,0.039230,0.038516,1.000000,0.000000,10.0,29.0,159,0
2,159,443.0,50.5,0.0000,0.0000,0.039230,0.038516,1.000000,0.000000,10.0,29.0,160,0
2,160,443.0,50.5,0.0000,0.0000,0.039230,0.038516,1.000000,0.000000,10.0,29.0,161,0
2,161,443.0,50.5,0.0000,0.0000,0.039230,0.038516,1.000000,0.000000,10.0,29.0,162,0
2,162,443.0,50.5,0.0000,0.0000,0.039230,0.038516,1.000000,0.000000,10.0,29.0,163,0
2,163,443.0,50.5,0.0000,0.0000,0.039230,0.038516,1.000000,0.000000,10.0,29.0,164,0
2,164,443.0,50.5,0.0000,0.0000,0.039230,0.038516,1.000000,0.000000,10.0,29.0,165,0
2,165,443.0,50.5,0.0000,0.0000,0.039230,0.038516,1.000000,0.000000,10.0,29.0,166,0
2,166,443.0,50.5,0.0000,0.0000,0.039230,0.038516,1.000000,0.000000,10.0,29.0,167,0
2,167,443.0,50.5,0.0000,0.0000,0.039230,0.038516,1.000000,0.000000,10.0,29.0,168,0
2,168,443.0,50.5,0.0000,0.0000,0.039230,0.038516,1.000000,0.000000,10.0,29.0,169,0
2,169,443.0,50.5,0.0000,0.0000,0.039230,0.038516,1.000000,0.000000,10.0,29.0,170,0
2,170,443.0,50.5,0.0000,0.0000,0.039230,0.038516,1.000000,0.000000,10.0,29.0,171,0
2,171,443.0,50.5,0.0000,0.0000,0.039230,0.038516,1.000000,0.000000,10.0,29.0,172,0
2,172,443.0,50.5,0.0000,0.0000,0.039230,0.038516,1.000000,0.000000,10.0,29.0,173,0
2,173,443.0,50.5,0.0000,0.0000,0.039230,0.038516,1.000000,0.000000,10.0,29.0,174,0
2,174,443.0,50.5,0.0000,0.0000,0.039230,0.038516,1.000000,0.000000,10.0,29.0,175,0
2,175,443.0,50.5,0.0000,0.0000,0.039230,0.038516,1.000000,0.000000,10.0,29.0,176,0
2,176,443.0,50.5,0.0000,0.0000,0.039230,0.038516,1.000000,0.000000,10.0,29.0,177,0
2,177,443.0,50.5,0.0000,0.0000,0.039230,0.038516,1.000000,0.000000,10.0,29.0,178,0
2,178,443.0,50.5,0.0000,0.0000,0.039230,0.038516,1.000000,0.000000,10.0,29.0,179,0
2,179,443.0,50.5,0.0000,0.0000,0.039230,0.038516,1.000000,0.000000,10.0,29.0,180,0
2,180,443.0,50.5,0.0000,0.0000,0.039230,0.038516,1.000000,0.000000,10.0,29.0,181,0
2,181,443.0,50.5,0.0000,0.0000,0.039230,0.038516,1.000000,0.000000,10.0,29.0,182,0
2,182,443.0,50.5,0.0000,0.0000,0.039230,0.038516,1.000000,0.000000,10.0,29.0,183,0
2,183,443.0,50.5,0.0000,0.0000,0.039230,0.038516,1.000000,0.000000,10.0,29.0,184,0
2,184,443.0,50.5,0.0000,0.0000,0.039230,0.038516,1.000000,0.000000,10.0,29.0,185,0
2,185,443.0,50.5,0.0000,0.0000,0.039230,0.038516,1.000000,0.000000,10.0,29.0,186,0
2,186,443.0,50.5,0.0000,0.0000,0.039230,0.038516,1.000000,0.000000,10.0,29.0,187,0
2,187,443.0,50.5,0.0000,0.0000,0.039230,0.038516,1.000000,0.000000,10.0,29.0,188,0
2,188,443.0,50.5,0.0000,0.0000,0.039230,0.038516,1.000000,0.000000,10.0,29.0,189,0
2,189,443.0,50.5,0.0000,0.0000,0.039230,0.038516,1.000000,0.000000,10.0,29.0,190,0
2,190,443.0,50.5,0.0000,0.0000,0.039230,0.038516,1.000000,0.000000,10.0,29.0,191,0
2,191,443.0,50.5,0.0000,0.0000,0.039230,0.038516,1.000000,0.000000,10.0,29.0,192,0
2,192,443.0,50.5,0.0000,0.0000,0.039230,0.038516,1.000000,0.000000,10.0,29.0,193,0
2,193,443.0,50.5,0.0000,0.0000,0.039230,0.038516,1.000000,0.000000,10.0,29.0,194,0
2,194,443.0,50.5,0.0000,0.0000,0.039230,0.038516,1.000000,0.000000,10.0,29.0,195,0
2,195,443.0,50.5,0.0000,0.0000,0.039230,0.038516,1.000000,0.000000,10.0,29.0,196,0
2,196,443.0,50.5,0.0000,0.0000,0.039230,0.038516,1.000000,0.000000,10.0,29.0,197,0
4,21,531.5,50.0,0.0000,0.0000,0.039866,0.039820,1.000000,0.000000,9.0,28.0,2,0
4,22,531.5,50.0,0.0000,0.0000,0.039231,0.038518,1.000000,0.000000,9.0,28.0,3,0
4,23,531.5,50.0,0.0000,0.0000,0.039230,0.038516,1.000000,0.000000,9.0,28.0,4,0
4,24,531.5,50.0,0.0000,0.0000,0.039230,0.038516,1.000000,0.000000,9.0,28.0,5,0
4,25,532.0,50.0,0.0000,0.0000,0.039230,0.038516,1.000000,0.000000,10.0,28.0,6,0
4,26,532.0,50.0,0.0000,0.0000,0.039230,0.038516,1.000000,0.000000,10.0,28.0,7,0
4,27,532.0,50.0,0.0000,0.0000,0.039230,0.038516,1.000000,0.000000,10.0,28.0,8,0
4,28,532.0,50.0,0.0000,0.0000,0.039230,0.038516,1.000000,0.000000,10.0,28.0,9,0
4,29,532.0,50.0,0.0000,0.0000,0.039230,0.038516,1.000000,0.000000,10.0,28.0,10,0
4,30,532.0,50.0,0.0000,0.0000,0.039230,0.038516,1.000000,0.000000,10.0,28.0,11,0
4,31,532.0,50.0,0.0000,0.0000,0.039230,0.038516,1.000000,0.000000,10.0,28.0,12,0
4,32,531.5,50.0,0.0000,0.0000,0.039230,0.038516,1.000000,0.000000,11.0,28.0,13,0
4,33,531.5,50.0,0.0000,0.0000,0.039230,0.038516,1.000000,0.000000,11.0,28.0,14,0
4,34,531.5,50.0,0.0000,0.0000,0.039230,0.038516,1.000000,0.000000,9.0,28.0,15,0
4,35,531.5,50.0,0.0000,0.0000,0.039230,0.038516,1.000000,0.000000,9.0,28.0,16,0
4,36,532.0,50.0,0.0000,0.0000,0.039230,0.038516,1.000000,0.000000,10.0,28.0,17,0
4,37,532.0,50.0,0.0000,0.0000,0.039230,0.038516,1.000000,0.000000,10.0,28.0,18,0
4,38,532.0,50.0,0.0000,0.0000,0.039230,0.038516,1.000000,0.000000,10.0,28.0,19,0
4,39,532.0,50.0,0.0000,0.0000,0.039230,0.038516,1.000000,0.000000,10.0,28.0,20,0
4,40,531.5,50.0,0.0000,0.0000,0.039230,0.038516,1.000000,0.000000,11.0,28.0,21,0
4,41,531.5,50.0,0.0000,0.0000,0.039230,0.038516,1.000000,0.000000,11.0,28.0,22,0
4,42,531.5,50.0,0.0000,0.0000,0.039230,0.038516,1.000000,0.000000,11.0,28.0,23,0
4,43,531.5,50.0,0.0000,0.0000,0.039230,0.038516,1.000000,0.000000,11.0,28.0,24,0
4,44,531.5,50.0,0.0000,0.0000,0.039230,0.038516,1.000000,0.000000,11.0,28.0,25,0
4,45,531.5,50.0,0.0000,0.0000,0.039230,0.038516,1.000000,0.000000,11.0,28.0,26,0
4,46,531.5,50.0,0.0000,0.0000,0.039230,0.038516,1.000000,0.000000,11.0,28.0,27,0
4,47,531.5,50.0,0.0000,0.0000,0.039230,0.038516,1.000000,0.000000,11.0,28.0,28,0
4,48,531.5,50.0,0.0000,0.0000,0.039230,0.038516,1.000000,0.000000,11.0,28.0,29,0
4,49,531.5,50.0,0.0000,0.0000,0.039230,0.038516,1.000000,0.000000,11.0,28.0,30,0
4,50,531.5,50.0,0.0000,0.0000,0.039230,0.038516,1.000000,0.000000,11.0,28.0,31,0
4,51,531.5,50.0,0.0000,0.0000,0.039230,0.038516,1.000000,0.000000,11.0,28.0,32,0
4,52,531.5,50.0,0.0000,0.0000,0.039230,0.038516,1.000000,0.000000,11.0,28.0,33,0
4,53,531.5,50.0,0.0000,0.0000,0.039230,0.038516,1.000000,0.000000,11.0,28.0,34,0
4,54,531.5,50.0,0.0000,0.0000,0.039230,0.038516,1.000000,0.000000,11.0,28.0,35,0
4,55,531.5,50.0,0.0000,0.0000,0.039230,0.038516,1.000000,0.000000,11.0,28.0,36,0
4,56,531.5,50.0,0.0000,0.0000,0.039230,0.038516,1.000000,0.000000,11.0,28.0,37,0
4,57,531.5,50.0,0.0000,0.0000,0.039230,0.038516,1.000000,0.000000,11.0,28.0,38,0
4,58,531.5,50.0,0.0000,0.0000,0.039230,0.038516,1.000000,0.000000,11.0,28.0,39,0
4,59,531.5,50.0,0.0000,0.0000,0.039230,0.038516,1.000000,0.000000,11.0,28.0,40,0
4,60,531.5,50.0,0.0000,0.0000,0.039230,0.038516,1.000000,0.000000,11.0,28.0,41,0
4,61,531.5,50.0,0.0000,0.0000,0.039230,0.038516,1.000000,0.000000,11.0,28.0,42,0
4,62,531.5,50.0,0.0000,0.0000,0.039230,0.038516,1.000000,0.000000,11.0,28.0,43,0
4,63,531.5,50.0,0.0000,0.0000,0.039230,0.038516,1.000000,0.000000,11.0,28.0,44,0
4,64,531.5,50.0,0.0000,0.0000,0.039230,0.038516,1.000000,0.000000,11.0,28.0,45,0
4,65,531.5,50.0,0.0000,0.0000,0.039230,0.038516,1.000000,0.000000,11.0,28.0,46,0
4,66,531.5,50.0,0.0000,0.0000,0.039230,0.038516,1.000000,0.000000,11.0,28.0,47,0
4,67,531.5,50.0,0.0000,0.0000,0.039230,0.038516,1.000000,0.000000,11.0,28.0,48,0
4,68,531.5,50.0,0.0000,0.0000,0.039230,0.038516,1.000000,0.000000,11.0,28.0,49,0
4,69,531.5,50.0,0.0000,0.0000,0.039230,0.038516,1.000000,0.000000,11.0,28.0,50,0
4,70,531.5,50.0,0.0000,0.0000,0.039230,0.038516,1.000000,0.000000,11.0,28.0,51,0
4,71,531.5,50.0,0.0000,0.0000,0.039230,0.038516,1.000000,0.000000,11.0,28.0,52,0
4,72,531.5,50.0,0.0000,0.0000,0.039230,0.038516,1.000000,0.000000,11.0,28.0,53,0
4,73,531.5,50.0,0.0000,0.0000,0.039230,0.038516,1.000000,0.000000,11.0,28.0,54,0
4,74,531.5,50.0,0.0000,0.0000,0.039230,0.038516,1.000000,0.000000,11.0,28.0,55,0
4,75,531.5,50.0,0.0000,0.0000,0.039230,0.038516,1.000000,0.000000,11.0,28.0,56,0
4,76,531.5,50.0,0.0000,0.0000,0.039230,0.038516,1.000000,0.000000,11.0,28.0,57,0
4,77,531.5,50.0,0.0000,0.0000,0.039230,0.038516,1.000000,0.000000,11.0,28.0,58,0
4,78,531.5,50.0,0.0000,0.0000,0.039230,0.038516,1.000000,0.000000,11.0,28.0,59,0
4,79,531.5,50.0,0.0000,0.0000,0.039230,0.038516,1.000000,0.000000,11.0,28.0,60,0
4,80,531.5,50.0,0.0000,0.0000,0.039230,0.038516,1.000000,0.000000,11.0,28.0,61,0
4,81,531.5,50.0,0.0000,0.0000,0.039230,0.038516,1.000000,0.000000,11.0,28.0,62,0
4,82,531.5,50.0,0.0000,0.0000,0.039230,0.038516,1.000000,0.000000,11.0,28.0,63,0
4,83,531.5,50.0,0.0000,0.0000,0.039230,0.038516,1.000000,0.000000,11.0,28.0,64,0
4,84,531.5,50.0,0.0000,0.0000,0.039230,0.038516,1.000000,0.000000,11.0,28.0,65,0
4,85,531.5,50.0,0.0000,0.0000,0.039230,0.038516,1.000000,0.000000,11.0,28.0,66,0
4,86,531.5,50.0,0.0000,0.0000,0.039230,0.038516,1.000000,0.000000,11.0,28.0,67,0
4,87,531.5,50.0,0.0000,0.0000,0.039230,0.038516,1.000000,0.000000,11.0,28.0,68,0
4,88,531.5,50.0,0.0000,0.0000,0.039230,0.038516,1.000000,0.000000,11.0,28.0,69,0
4,89,531.5,50.0,0.0000,0.0000,0.039230,0.038516,1.000000,0.000000,11.0,28.0,70,0
4,90,531.5,50.0,0.0000,0.0000,0.039230,0.038516,1.000000,0.000000,11.0,28.0,71,0
4,91,531.5,50.0,0.0000,0.0000,0.039230,0.038516,1.000000,0.000000,11.0,28.0,72,0
4,92,531.5,50.0,0.0000,0.0000,0.039230,0.038516,1.000000,0.000000,11.0,28.0,73,0
4,93,531.5,50.0,0.0000,0.0000,0.039230,0.038516,1.000000,0.000000,11.0,28.0,74,0
4,94,531.5,50.0,0.0000,0.0000,0.039230,0.038516,1.000000,0.000000,11.0,28.0,75,0
4,95,531.5,50.0,0.0000,0.0000,0.039230,0.038516,1.000000,0.000000,11.0,28.0,76,0
4,96,531.5,50.0,0.0000,0.0000,0.039230,0.038516,1.000000,0.000000,11.0,28.0,77,0
4,97,531.5,50.0,0.0000,0.0000,0.039230,0.038516,1.000000,0.000000,11.0,28.0,78,0
4,98,531.5,50.0,0.0000,0.0000,0.039230,0.038516,1.000000,0.000000,11.0,28.0,79,0
4,99,531.5,50.0,0.0000,0.0000,0.039230,0.038516,1.000000,0.000000,11.0,28.0,80,0
4,100,531.5,50.0,0.0000,0.0000,0.039230,0.038516,1.000000,0.000000,11.0,28.0,81,0
4,101,531.5,50.0,0.0000,0.0000,0.039230,0.038516,1.000000,0.000000,11.0,28.0,82,0
4,102,531.5,50.0,0.0000,0.0000,0.039230,0.038516,1.000000,0.000000,11.0,28.0,83,0
4,103,531.5,50.0,0.0000,0.0000,0.039230,0.038516,1.000000,0.000000,9.0,28.0,84,0
4,104,531.5,50.0,0.0000,0.0000,0.039230,0.038516,1.000000,0.000000,9.0,28.0,85,0
4,105,531.5,50.0,0.0000,0.0000,0.039230,0.038516,1.000000,0.000000,9.0,28.0,86,0
4,106,531.5,50.0,0.0000,0.0000,0.039230,0.038516,1.000000,0.000000,9.0,28.0,87,0
4,107,531.5,50.0,0.0000,0.0000,0.039230,0.038516,1.000000,0.000000,9.0,28.0,88,0
4,108,531.5,50.0,0.0000,0.0000,0.039230,0.038516,1.000000,0.000000,9.0,28.0,89,0
4,109,531.5,50.0,0.0000,0.0000,0.039230,0.038516,1.000000,0.000000,9.0,28.0,90,0
4,110,531.5,50.0,0.0000,0.0000,0.039230,0.038516,1.000000,0.000000,9.0,28.0,91,0
4,111,531.5,50.0,0.0000,0.0000,0.039230,0.038516,1.000000,0.000000,9.0,28.0,92,0
4,112,531.5,50.0,0.0000,0.0000,0.039230,0.038516,1.000000,0.000000,9.0,28.0,93,0
4,113,531.5,50.0,0.0000,0.0000,0.039230,0.038516,1.000000,0.000000,9.0,28.0,94,0
4,114,531.5,50.0,0.0000,0.0000,0.039230,0.038516,1.000000,0.000000,9.0,28.0,95,0
4,115,531.5,50.0,0.0000,0.0000,0.039230,0.038516,1.000000,0.000000,9.0,28.0,96,0
4,116,531.5,50.0,0.0000,0.0000,0.039230,0.038516,1.000000,0.000000,9.0,28.0,97,0
4,117,531.5,50.0,0.0000,0.0000,0.039230,0.038516,1.000000,0.000000,9.0,28.0,98,0
4,118,531.5,50.0,0.0000,0.0000,0.039230,0.038516,1.000000,0.000000,9.0,28.0,99,0
4,119,531.5,50.0,0.0000,0.0000,0.039230,0.038516,1.000000,0.000000,9.0,28.0,100,0
4,120,531.5,50.0,0.0000,0.0000,0.039230,0.038516,1.000000,0.000000,11.0,28.0,101,0
4,121,531.5,50.0,0.0000,0.0000,0.039230,0.038516,1.000000,0.000000,11.0,28.0,102,0
4,122,531.5,50.0,0.0000,0.0000,0.039230,0.038516,1.000000,0.000000,11.0,28.0,103,0
4,123,531.5,50.0,0.0000,0.0000,0.039230,0.038516,1.000000,0.000000,11.0,28.0,104,0
4,124,531.5,50.0,0.0000,0.0000,0.039230,0.038516,1.000000,0.000000,11.0,28.0,105,0
4,125,531.5,50.0,0.0000,0.0000,0.039230,0.038516,1.000000,0.000000,11.0,28.0,106,0
4,126,531.5,50.0,0.0000,0.0000,0.039230,0.038516,1.000000,0.000000,11.0,28.0,107,0
4,127,531.5,50.0,0.0000,0.0000,0.039230,0.038516,1.000000,0.000000,11.0,28.0,108,0
4,128,531.5,50.0,0.0000,0.0000,0.039230,0.038516,1.000000,0.000000,11.0,28.0,109,0
4,129,531.5,50.0,0.0000,0.0000,0.039230,0.038516,1.000000,0.000000,11.0,28.0,110,0
4,130,531.5,50.0,0.0000,0.0000,0.039230,0.038516,1.000000,0.000000,9.0,28.0,111,0
4,131,531.5,50.0,0.0000,0.0000,0.039230,0.038516,1.000000,0.000000,11.0,28.0,112,0
4,132,531.5,50.0,0.0000,0.0000,0.039230,0.038516,1.000000,0.000000,11.0,28.0,113,0
4,133,531.5,50.0,0.0000,0.0000,0.039230,0.038516,1.000000,0.000000,9.0,28.0,114,0
4,134,531.5,50.0,0.0000,0.0000,0.039230,0.038516,1.000000,0.000000,9.0,28.0,115,0
4,135,531.5,50.0,0.0000,0.0000,0.039230,0.038516,1.000000,0.000000,9.0,28.0,116,0
4,136,531.5,50.0,0.0000,0.0000,0.039230,0.038516,1.000000,0.000000,9.0,28.0,117,0
4,137,531.5,50.0,0.0000,0.0000,0.039230,0.038516,1.000000,0.000000,9.0,28.0,118,0
4,138,531.5,50.0,0.0000,0.0000,0.039230,0.038516,1.000000,0.000000,9.0,28.0,119,0
4,139,531.5,50.0,0.0000,0.0000,0.039230,0.038516,1.000000,0.000000,9.0,28.0,120,0
4,140,531.5,50.0,0.0000,0.0000,0.039230,0.038516,1.000000,0.000000,11.0,28.0,121,0
4,141,531.5,50.0,0.0000,0.0000,0.039230,0.038516,1.000000,0.000000,11.0,28.0,122,0
4,142,531.5,50.0,0.0000,0.0000,0.039230,0.038516,1.000000,0.000000,11.0,28.0,123,0
4,143,531.5,50.0,0.0000,0.0000,0.039230,0.038516,1.000000,0.000000,11.0,28.0,124,0
4,144,531.5,50.0,0.0000,0.0000,0.039230,0.038516,1.000000,0.000000,11.0,28.0,125,0
4,145,531.5,50.0,0.0000,0.0000,0.039230,0.038516,1.000000,0.000000,11.0,28.0,126,0
4,146,531.5,50.0,0.0000,0.0000,0.039230,0.038516,1.000000,0.000000,11.0,28.0,127,0
4,147,531.5,50.0,0.0000,0.0000,0.039230,0.038516,1.000000,0.000000,11.0,28.0,128,0
4,148,531.5,50.0,0.0000,0.0000,0.039230,0.038516,1.000000,0.000000,11.0,28.0,129,0
4,149,531.5,50.0,0.0000,0.0000,0.039230,0.038516,1.000000,0.000000,11.0,28.0,130,0
4,150,531.5,50.0,0.0000,0.0000,0.039230,0.038516,1.000000,0.000000,11.0,28.0,131,0
4,151,531.5,50.0,0.0000,0.0000,0.039230,0.038516,1.000000,0.000000,11.0,28.0,132,0
4,152,531.5,50.0,0.0000,0.0000,0.039230,0.038516,1.000000,0.000000,11.0,28.0,133,0
4,153,531.5,50.0,0.0000,0.0000,0.039230,0.038516,1.000000,0.000000,11.0,28.0,134,0
4,154,531.5,50.0,0.0000,0.0000,0.039230,0.038516,1.000000,0.000000,11.0,28.0,135,0
4,155,531.5,50.0,0.0000,0.0000,0.039230,0.038516,1.000000,0.000000,11.0,28.0,136,0
4,156,531.5,50.0,0.0000,0.0000,0.039230,0.038516,1.000000,0.000000,11.0,28.0,137,0
4,157,531.5,50.0,0.0000,0.0000,0.039230,0.038516,1.000000,0.000000,11.0,28.0,138,0
4,158,531.5,50.0,0.0000,0.0000,0.039230,0.038516,1.000000,0.000000,11.0,28.0,139,0
4,159,531.5,50.0,0.0000,0.0000,0.039230,0.038516,1.000000,0.000000,11.0,28.0,140,0
4,160,531.5,50.0,0.0000,0.0000,0.039230,0.038516,1.000000,0.000000,11.0,28.0,141,0
4,161,531.5,50.0,0.0000,0.0000,0.039230,0.038516,1.000000,0.000000,11.0,28.0,142,0
4,162,531.5,50.0,0.0000,0.0000,0.039230,0.038516,1.000000,0.000000,11.0,28.0,143,0
4,163,531.5,50.0,0.0000,0.0000,0.039230,0.038516,1.000000,0.000000,11.0,28.0,144,0
4,164,531.5,50.0,0.0000,0.0000,0.039230,0.038516,1.000000,0.000000,11.0,28.0,145,0
4,165,531.5,50.0,0.0000,0.0000,0.039230,0.038516,1.000000,0.000000,11.0,28.0,146,0
4,166,531.5,50.0,0.0000,0.0000,0.039230,0.038516,1.000000,0.000000,11.0,28.0,147,0
4,167,531.5,50.0,0.0000,0.0000,0.039230,0.038516,1.000000,0.000000,11.0,28.0,148,0
4,168,531.5,50.0,0.0000,0.0000,0.039230,0.038516,1.000000,0.000000,11.0,28.0,149,0
4,169,531.5,50.0,0.0000,0.0000,0.039230,0.038516,1.000000,0.000000,11.0,28.0,150,0
4,170,531.5,50.0,0.0000,0.0000,0.039230,0.038516,1.000000,0.000000,11.0,28.0,151,0
4,171,531.5,50.0,0.0000,0.0000,0.039230,0.038516,1.000000,0.000000,11.0,28.0,152,0
4,172,531.5,50.0,0.0000,0.0000,0.039230,0.038516,1.000000,0.000000,11.0,28.0,153,0
4,173,531.5,50.0,0.0000,0.0000,0.039230,0.038516,1.000000,0.000000,11.0,28.0,154,0
4,174,531.5,50.0,0.0000,0.0000,0.039230,0.038516,1.000000,0.000000,11.0,28.0,155,0
4,175,531.5,50.0,0.0000,0.0000,0.039230,0.038516,1.000000,0.000000,11.0,28.0,156,0
4,176,531.5,50.0,0.0000,0.0000,0.039230,0.038516,1.000000,0.000000,11.0,28.0,157,0
4,177,531.5,50.0,0.0000,0.0000,0.039230,0.038516,1.000000,0.000000,11.0,28.0,158,0
4,178,531.5,50.0,0.0000,0.0000,0.039230,0.038516,1.000000,0.000000,11.0,28.0,159,0
4,179,531.5,50.0,0.0000,0.0000,0.039230,0.038516,1.000000,0.000000,11.0,28.0,160,0
4,180,532.0,50.0,0.0000,0.0000,0.039230,0.038516,1.000000,0.000000,10.0,28.0,161,0
4,181,532.0,50.0,0.0000,0.0000,0.039230,0.038516,1.000000,0.000000,10.0,28.0,162,0
4,182,532.0,50.0,0.0000,0.0000,0.039230,0.038516,1.000000,0.000000,10.0,28.0,163,0
4,183,532.0,50.0,0.0000,0.0000,0.039230,0.038516,1.000000,0.000000,10.0,28.0,164,0
4,184,532.0,50.0,0.0000,0.0000,0.039230,0.038516,1.000000,0.000000,10.0,28.0,165,0
4,185,532.0,50.0,0.0000,0.0000,0.039230,0.038516,1.000000,0.000000,10.0,28.0,166,0
4,186,532.0,50.0,0.0000,0.0000,0.039230,0.038516,1.000000,0.000000,10.0,28.0,167,0
4,187,532.0,50.0,0.0000,0.0000,0.039230,0.038516,1.000000,0.000000,10.0,28.0,168,0
4,188,532.0,50.0,0.0000,0.0000,0.039230,0.038516,1.000000,0.000000,10.0,28.0,169,0
4,189,532.0,50.0,0.0000,0.0000,0.039230,0.038516,1.000000,0.000000,10.0,28.0,170,0
4,190,532.0,50.0,0.0000,0.0000,0.039230,0.038516,1.000000,0.000000,10.0,28.0,171,0
4,191,532.0,50.0,0.0000,0.0000,0.039230,0.038516,1.000000,0.000000,10.0,28.0,172,0
4,192,532.0,50.0,0.0000,0.0000,0.039230,0.038516,1.000000,0.000000,10.0,28.0,173,0
4,193,532.0,50.0,0.0000,0.0000,0.039230,0.038516,1.000000,0.000000,10.0,28.0,174,0
4,194,532.0,50.0,0.0000,0.0000,0.039230,0.038516,1.000000,0.000000,10.0,28.0,175,0
4,195,532.0,50.0,0.0000,0.0000,0.039230,0.038516,1.000000,0.000000,10.0,28.0,176,0
4,196,532.0,50.0,0.0000,0.0000,0.039230,0.038516,1.000000,0.000000,10.0,28.0,177,0
6,41,175.0,242.0,0.0000,0.0000,0.039997,0.039996,1.000000,0.000000,78.0,208.0,2,0
6,42,177.5,241.5,0.0000,0.0000,0.039231,0.038519,1.000000,0.000000,75.0,207.0,3,0
6,43,180.0,242.9,0.0000,0.0000,0.039230,0.038516,1.000000,0.000000,70.0,212.0,4,0
6,44,179.0,240.6,0.0000,0.0000,0.039230,0.038516,1.000000,0.000000,72.0,207.0,5,0
6,45,181.9,241.0,0.0000,0.0000,0.039230,0.038516,1.000000,0.000000,74.0,208.0,6,0
6,46,185.4,242.9,0.0000,0.0000,0.039230,0.038516,1.000000,0.000000,79.0,208.0,7,0
6,47,188.0,244.9,0.0000,0.0000,0.039230,0.038516,1.000000,0.000000,80.0,208.0,8,0
6,48,190.5,247.4,0.0000,0.0000,0.039230,0.038516,1.000000,0.000000,77.0,209.0,9,0
6,49,193.0,248.0,0.0000,0.0000,0.039230,0.038516,1.000000,0.000000,76.0,208.0,10,0
6,50,195.5,246.1,0.0000,0.0000,0.039230,0.038516,1.000000,0.000000,75.0,206.0,11,0
6,51,198.9,244.6,0.0000,0.0000,0.039230,0.038516,1.000000,0.000000,76.0,205.0,12,0
6,52,202.9,244.0,0.0000,0.0000,0.039230,0.038516,1.000000,0.000000,74.0,202.0,13,0
6,53,205.5,242.6,0.0000,0.0000,0.039230,0.038516,1.000000,0.000000,73.0,203.0,14,0
6,54,208.4,242.0,0.0000,0.0000,0.039230,0.038516,1.000000,0.000000,71.0,206.0,15,0
6,55,212.9,241.5,0.0000,0.0000,0.039230,0.038516,1.000000,0.000000,74.0,207.0,16,0
6,56,216.4,242.9,0.0000,0.0000,0.039230,0.038516,1.000000,0.000000,75.0,208.0,17,0
6,57,219.9,243.0,0.0000,0.0000,0.039230,0.038516,1.000000,0.000000,76.0,208.0,18,0
6,58,223.9,243.0,0.0000,0.0000,0.039230,0.038516,1.000000,0.000000,78.0,208.0,19,0
6,59,226.5,243.5,0.0000,0.0000,0.039230,0.038516,1.000000,0.000000,77.0,209.0,20,0
6,60,229.0,244.0,0.0000,0.0000,0.039230,0.038516,1.000000,0.000000,74.0,208.0,21,0
6,61,230.5,245.4,0.0000,0.0000,0.039230,0.038516,1.000000,0.000000,71.0,209.0,22,0
6,62,232.0,245.0,0.0000,0.0000,0.039230,0.038516,1.000000,0.000000,68.0,208.0,23,0
6,63,233.5,244.0,0.0000,0.0000,0.039230,0.038516,1.000000,0.000000,63.0,208.0,24,0
6,64,236.4,243.0,0.0000,0.0000,0.039230,0.038516,1.000000,0.000000,65.0,208.0,25,0
6,65,239.0,242.0,0.0000,0.0000,0.039230,0.038516,1.000000,0.000000,66.0,208.0,26,0
6,66,242.9,241.0,0.0000,0.0000,0.039230,0.038516,1.000000,0.000000,72.0,208.0,27,0
6,67,247.4,241.5,0.0000,0.0000,0.039230,0.038516,1.000000,0.000000,77.0,209.0,28,0
6,68,253.4,241.0,0.0000,0.0000,0.039230,0.038516,1.000000,0.000000,83.0,208.0,29,0
6,69,257.9,240.5,0.0000,0.0000,0.039230,0.038516,1.000000,0.000000,90.0,205.0,30,0
6,70,261.9,241.5,0.0000,0.0000,0.039230,0.038516,1.000000,0.000000,90.0,203.0,31,0
6,71,264.0,241.5,0.0000,0.0000,0.039230,0.038516,1.000000,0.000000,88.0,203.0,32,0
6,72,265.5,241.5,0.0000,0.0000,0.039230,0.038516,1.000000,0.000000,83.0,205.0,33,0
6,73,264.5,242.5,0.0000,0.0000,0.039230,0.038516,1.000000,0.000000,77.0,207.0,34,0
6,74,265.0,243.0,0.0000,0.0000,0.039230,0.038516,1.000000,0.000000,72.0,208.0,35,0
6,75,266.0,243.5,0.0000,0.0000,0.039230,0.038516,1.000000,0.000000,66.0,211.0,36,0
6,76,267.0,243.5,0.0000,0.0000,0.039230,0.038516,1.000000,0.000000,60.0,213.0,37,0
6,77,267.0,243.5,0.0000,0.0000,0.039230,0.038516,1.000000,0.000000,56.0,211.0,38,0
6,78,270.9,242.1,0.0000,0.0000,0.039230,0.038516,1.000000,0.000000,58.0,208.0,39,0
6,79,278.8,241.5,0.0000,0.0000,0.039230,0.038516,1.000000,0.000000,70.0,207.0,40,0
6,80,286.4,241.0,0.0000,0.0000,0.039230,0.038516,1.000000,0.000000,79.0,206.0,41,0
6,81,289.9,241.5,0.0000,0.0000,0.039230,0.038516,1.000000,0.000000,78.0,209.0,42,0
6,82,292.5,243.4,0.0000,0.0000,0.039230,0.038516,1.000000,0.000000,73.0,207.0,43,0
6,83,295.0,244.0,0.0000,0.0000,0.039230,0.038516,1.000000,0.000000,72.0,208.0,44,0
6,84,298.4,244.0,0.0000,0.0000,0.039230,0.038516,1.000000,0.000000,67.0,206.0,45,0
6,85,298.5,242.6,0.0000,0.0000,0.039230,0.038516,1.000000,0.000000,59.0,209.0,46,0
6,86,298.0,241.5,0.0000,0.0000,0.039230,0.038516,1.000000,0.000000,54.0,209.0,47,0
6,87,300.0,241.0,0.0000,0.0000,0.039230,0.038516,1.000000,0.000000,54.0,210.0,48,0
6,88,302.9,241.0,0.0000,0.0000,0.039230,0.038516,1.000000,0.000000,56.0,210.0,49,0
6,89,308.9,240.5,0.0000,0.0000,0.039230,0.038516,1.000000,0.000000,66.0,209.0,50,0
6,90,314.4,241.0,0.0000,0.0000,0.039230,0.038516,1.000000,0.000000,73.0,208.0,51,0
6,91,319.4,241.5,0.0000,0.0000,0.039230,0.038516,1.000000,0.000000,79.0,207.0,52,0
6,92,322.4,242.5,0.0000,0.0000,0.039230,0.038516,1.000000,0.000000,83.0,205.0,53,0
6,93,323.5,243.9,0.0000,0.0000,0.039230,0.038516,1.000000,0.000000,83.0,204.0,54,0
6,94,322.0,243.5,0.0000,0.0000,0.039230,0.038516,1.000000,0.000000,78.0,205.0,55,0
6,95,322.0,245.4,0.0000,0.0000,0.039230,0.038516,1.000000,0.000000,74.0,209.0,56,0
6,96,325.4,246.5,0.0000,0.0000,0.039230,0.038516,1.000000,0.000000,67.0,211.0,57,0
6,97,329.9,244.1,0.0000,0.0000,0.039230,0.038516,1.000000,0.000000,52.0,212.0,58,0
6,98,331.0,241.6,0.0000,0.0000,0.039230,0.038516,1.000000,0.000000,46.0,211.0,59,0
6,99,335.4,240.1,0.0000,0.0000,0.039230,0.038516,1.000000,0.000000,49.0,210.0,60,0
6,100,344.3,239.0,0.0000,0.0000,0.039230,0.038516,1.000000,0.000000,57.0,208.0,61,0
6,101,352.3,239.0,0.0000,0.0000,0.039230,0.038516,1.000000,0.000000,73.0,206.0,62,0
6,102,355.4,240.0,0.0000,0.0000,0.039230,0.038516,1.000000,0.000000,81.0,206.0,63,0
6,103,356.0,241.4,0.0000,0.0000,0.039230,0.038516,1.000000,0.000000,80.0,207.0,64,0
6,104,354.0,242.0,0.0000,0.0000,0.039230,0.038516,1.000000,0.000000,76.0,208.0,65,0
6,105,355.0,243.4,0.0000,0.0000,0.039230,0.038516,1.000000,0.000000,72.0,209.0,66,0
6,106,357.0,243.5,0.0000,0.0000,0.039230,0.038516,1.000000,0.000000,60.0,209.0,67,0
6,107,360.9,243.5,0.0000,0.0000,0.039230,0.038516,1.000000,0.000000,48.0,207.0,68,0
6,108,363.9,242.1,0.0000,0.0000,0.039230,0.038516,1.000000,0.000000,46.0,210.0,69,0
6,109,366.9,241.0,0.0000,0.0000,0.039230,0.038516,1.000000,0.000000,48.0,210.0,70,0
6,110,369.9,241.5,0.0000,0.0000,0.039230,0.038516,1.000000,0.000000,50.0,211.0,71,0
6,111,373.9,241.0,0.0000,0.0000,0.039230,0.038516,1.000000,0.000000,58.0,212.0,72,0
6,112,379.9,241.5,0.0000,0.0000,0.039230,0.038516,1.000000,0.000000,72.0,211.0,73,0
6,113,384.4,241.5,0.0000,0.0000,0.039230,0.038516,1.000000,0.000000,83.0,209.0,74,0
6,114,386.5,242.9,0.0000,0.0000,0.039230,0.038516,1.000000,0.000000,87.0,208.0,75,0
6,115,385.5,243.5,0.0000,0.0000,0.039230,0.038516,1.000000,0.000000,87.0,209.0,76,0
6,116,384.5,243.5,0.0000,0.0000,0.039230,0.038516,1.000000,0.000000,83.0,209.0,77,0
6,117,384.0,243.5,0.0000,0.0000,0.039230,0.038516,1.000000,0.000000,78.0,211.0,78,0
6,118,386.5,243.5,0.0000,0.0000,0.039230,0.038516,1.000000,0.000000,71.0,213.0,79,0
6,119,389.4,244.0,0.0000,0.0000,0.039230,0.038516,1.000000,0.000000,59.0,214.0,80,0
6,120,392.4,243.0,0.0000,0.0000,0.039230,0.038516,1.000000,0.000000,47.0,216.0,81,0
6,121,398.4,242.0,0.0000,0.0000,0.039230,0.038516,1.000000,0.000000,39.0,216.0,82,0
6,122,404.4,240.1,0.0000,0.0000,0.039230,0.038516,1.000000,0.000000,51.0,214.0,83,0
6,123,411.9,240.5,0.0000,0.0000,0.039230,0.038516,1.000000,0.000000,70.0,211.0,84,0
6,124,414.4,241.5,0.0000,0.0000,0.039230,0.038516,1.000000,0.000000,77.0,211.0,85,0
6,125,415.0,242.0,0.0000,0.0000,0.039230,0.038516,1.000000,0.000000,76.0,212.0,86,0
6,126,416.0,243.4,0.0000,0.0000,0.039230,0.038516,1.000000,0.000000,74.0,213.0,87,0
6,127,418.5,243.5,0.0000,0.0000,0.039230,0.038516,1.000000,0.000000,71.0,211.0,88,0
6,128,423.9,243.0,0.0000,0.0000,0.039230,0.038516,1.000000,0.000000,56.0,212.0,89,0
6,129,425.0,242.0,0.0000,0.0000,0.039230,0.038516,1.000000,0.000000,48.0,212.0,90,0
6,130,427.0,241.0,0.0000,0.0000,0.039230,0.038516,1.000000,0.000000,42.0,212.0,91,0
6,131,428.5,241.0,0.0000,0.0000,0.039230,0.038516,1.000000,0.000000,43.0,214.0,92,0
6,132,430.0,240.5,0.0000,0.0000,0.039230,0.038516,1.000000,0.000000,46.0,213.0,93,0
6,133,432.0,241.0,0.0000,0.0000,0.039230,0.038516,1.000000,0.000000,56.0,214.0,94,0
6,134,435.9,241.5,0.0000,0.0000,0.039230,0.038516,1.000000,0.000000,68.0,213.0,95,0
6,135,438.9,242.5,0.0000,0.0000,0.039230,0.038516,1.000000,0.000000,76.0,211.0,96,0
6,136,441.0,243.9,0.0000,0.0000,0.039230,0.038516,1.000000,0.000000,80.0,208.0,97,0
6,137,440.5,244.5,0.0000,0.0000,0.039230,0.038516,1.000000,0.000000,79.0,209.0,98,0
6,138,439.5,244.5,0.0000,0.0000,0.039230,0.038516,1.000000,0.000000,73.0,211.0,99,0
6,139,440.0,246.4,0.0000,0.0000,0.039230,0.038516,1.000000,0.000000,68.0,215.0,100,0
6,140,443.4,246.5,0.0000,0.0000,0.039230,0.038516,1.000000,0.000000,61.0,217.0,101,0
6,141,449.9,245.1,0.0000,0.0000,0.039230,0.038516,1.000000,0.000000,50.0,216.0,102,0
6,142,456.9,241.6,0.0000,0.0000,0.039230,0.038516,1.000000,0.000000,42.0,215.0,103,0
6,143,459.0,241.5,0.0000,0.0000,0.039230,0.038516,1.000000,0.000000,48.0,213.0,104,0
6,144,463.9,241.5,0.0000,0.0000,0.039230,0.038516,1.000000,0.000000,60.0,211.0,105,0
6,145,469.4,241.0,0.0000,0.0000,0.039230,0.038516,1.000000,0.000000,77.0,210.0,106,0
6,146,472.4,241.0,0.0000,0.0000,0.039230,0.038516,1.000000,0.000000,85.0,210.0,107,0
6,147,473.0,241.5,0.0000,0.0000,0.039230,0.038516,1.000000,0.000000,86.0,211.0,108,0
6,148,471.0,242.5,0.0000,0.0000,0.039230,0.038516,1.000000,0.000000,82.0,211.0,109,0
6,149,471.5,243.5,0.0000,0.0000,0.039230,0.038516,1.000000,0.000000,77.0,213.0,110,0
6,150,474.4,243.5,0.0000,0.0000,0.039230,0.038516,1.000000,0.000000,63.0,211.0,111,0
6,151,480.4,244.0,0.0000,0.0000,0.039230,0.038516,1.000000,0.000000,53.0,210.0,112,0
6,152,487.4,244.0,0.0000,0.0000,0.039230,0.038516,1.000000,0.000000,51.0,212.0,113,0
6,153,492.9,242.1,0.0000,0.0000,0.039230,0.038516,1.000000,0.000000,50.0,212.0,114,0
6,154,495.0,242.0,0.0000,0.0000,0.039230,0.038516,1.000000,0.000000,58.0,214.0,115,0
6,155,496.5,242.0,0.0000,0.0000,0.039230,0.038516,1.000000,0.000000,65.0,214.0,116,0
6,156,498.0,242.0,0.0000,0.0000,0.039230,0.038516,1.000000,0.000000,74.0,214.0,117,0
6,157,501.4,242.0,0.0000,0.0000,0.039230,0.038516,1.000000,0.000000,83.0,212.0,118,0
6,158,503.0,243.4,0.0000,0.0000,0.039230,0.038516,1.000000,0.000000,88.0,211.0,119,0
6,159,502.5,244.0,0.0000,0.0000,0.039230,0.038516,1.000000,0.000000,87.0,210.0,120,0
6,160,501.5,244.0,0.0000,0.0000,0.039230,0.038516,1.000000,0.000000,83.0,212.0,121,0
6,161,502.0,244.0,0.0000,0.0000,0.039230,0.038516,1.000000,0.000000,76.0,214.0,122,0
6,162,504.9,244.0,0.0000,0.0000,0.039230,0.038516,1.000000,0.000000,70.0,214.0,123,0
6,163,511.9,245.0,0.0000,0.0000,0.039230,0.038516,1.000000,0.000000,64.0,218.0,124,0
6,164,519.8,244.0,0.0000,0.0000,0.039230,0.038516,1.000000,0.000000,60.0,220.0,125,0
6,165,525.4,244.0,0.0000,0.0000,0.039230,0.038516,1.000000,0.000000,53.0,222.0,126,0
6,166,525.5,240.6,0.0000,0.0000,0.039230,0.038516,1.000000,0.000000,59.0,215.0,127,0
6,167,533.3,241.0,0.0000,0.0000,0.039230,0.038516,1.000000,0.000000,79.0,214.0,128,0
6,168,535.9,242.4,0.0000,0.0000,0.039230,0.038516,1.000000,0.000000,86.0,213.0,129,0
6,169,535.5,243.0,0.0000,0.0000,0.039230,0.038516,1.000000,0.000000,85.0,214.0,130,0
6,170,538.0,245.9,0.0000,0.0000,0.039230,0.038516,1.000000,0.000000,84.0,216.0,131,0
6,171,540.9,245.5,0.0000,0.0000,0.039230,0.038516,1.000000,0.000000,76.0,215.0,132,0
6,172,545.9,245.0,0.0000,0.0000,0.039230,0.038516,1.000000,0.000000,64.0,214.0,133,0
6,173,550.9,243.6,0.0000,0.0000,0.039230,0.038516,1.000000,0.000000,62.0,215.0,134,0
6,174,555.9,243.0,0.0000,0.0000,0.039230,0.038516,1.000000,0.000000,60.0,216.0,135,0
6,175,558.9,241.6,0.0000,0.0000,0.039230,0.038516,1.000000,0.000000,56.0,215.0,136,0
6,176,559.5,241.5,0.0000,0.0000,0.039230,0.038516,1.000000,0.000000,63.0,215.0,137,0
6,177,560.0,242.0,0.0000,0.0000,0.039230,0.038516,1.000000,0.000000,70.0,216.0,138,0
6,178,561.5,243.4,0.0000,0.0000,0.039230,0.038516,1.000000,0.000000,77.0,215.0,139,0
6,179,563.5,244.0,0.0000,0.0000,0.039230,0.038516,1.000000,0.000000,83.0,214.0,140,0
6,180,566.0,245.4,0.0000,0.0000,0.039230,0.038516,1.000000,0.000000,88.0,213.0,141,0
6,181,567.0,246.0,0.0000,0.0000,0.039230,0.038516,1.000000,0.000000,88.0,214.0,142,0
6,182,569.0,246.0,0.0000,0.0000,0.039230,0.038516,1.000000,0.000000,88.0,216.0,143,0
6,183,570.0,246.5,0.0000,0.0000,0.039230,0.038516,1.000000,0.000000,80.0,219.0,144,0
6,184,575.4,247.0,0.0000,0.0000,0.039230,0.038516,1.000000,0.000000,71.0,220.0,145,0
6,185,584.3,241.7,0.0000,0.0000,0.039230,0.038516,1.000000,0.000000,63.0,213.0,146,0
6,186,588.9,241.5,0.0000,0.0000,0.039230,0.038516,1.000000,0.000000,60.0,219.0,147,0
6,187,589.5,240.5,0.0000,0.0000,0.039230,0.038516,1.000000,0.000000,65.0,217.0,148,0
6,188,591.0,240.5,0.0000,0.0000,0.039230,0.038516,1.000000,0.000000,72.0,215.0,149,0
6,189,595.9,241.0,0.0000,0.0000,0.039230,0.038516,1.000000,0.000000,88.0,214.0,150,0
6,190,598.0,241.5,0.0000,0.0000,0.039230,0.038516,1.000000,0.000000,94.0,213.0,151,0
6,191,598.0,242.9,0.0000,0.0000,0.039230,0.038516,1.000000,0.000000,92.0,214.0,152,0
6,192,596.5,243.5,0.0000,0.0000,0.039230,0.038516,1.000000,0.000000,89.0,217.0,153,0
6,193,599.9,244.0,0.0000,0.0000,0.039230,0.038516,1.000000,0.000000,86.0,216.0,154,0
6,194,606.4,244.5,0.0000,0.0000,0.039230,0.038516,1.000000,0.000000,77.0,215.0,155,0
6,195,612.9,243.5,0.0000,0.0000,0.039230,0.038516,1.000000,0.000000,72.0,215.0,156,0
6,196,620.4,242.5,0.0000,0.0000,0.039230,0.038516,1.000000,0.000000,71.0,217.0,157,0
